{
  "project_info": {
    "project_number": "393747063417",
    "project_id": "hmart-b9e33",
    "storage_bucket": "hmart-b9e33.appspot.com"
  },
  "client": [
    {
      "client_info": {
        "mobilesdk_app_id": "1:393747063417:android:29f8d32879a270e183aaa8",
        "android_client_info": {
          "package_name": "com.example.hmart"
        }
      },
      "oauth_client": [
        {
          "client_id": "393747063417-1ss5t3ht1p8r74kbne4cnpbrnpk8vq8g.apps.googleusercontent.com",
          "client_type": 1,
          "android_info": {
            "package_name": "com.example.hmart",
            "certificate_hash": "96cffe858d47772b0090d6d17735e2f481fe2f07"
          }
        },
        {
          "client_id": "393747063417-i7jcpv8or9m7ij323ubtbh66nlop54ja.apps.googleusercontent.com",
          "client_type": 3
        }
      ],
      "api_key": [
        {
          "current_key": "AIzaSyCDlgfPUMY96w70bmlpMuON6-Ry69Fs51A"
        }
      ],
      "services": {
        "appinvite_service": {
          "other_platform_oauth_client": [
            {
              "client_id": "393747063417-i7jcpv8or9m7ij323ubtbh66nlop54ja.apps.googleusercontent.com",
              "client_type": 3
            }
          ]
        }
      }
    }
  ],
  "configuration_version": "1"
}